modifieddate,nombre,descripcion
2023-10-05,Acción,"El género de acción en el anime representa niveles extremadamente altos de acción intensa. A menudo, serás testigo de emocionantes batallas y escenas de lucha llenas de acción en los espectáculos de este género. Estas series te harán saltar de tu asiento o tirarte de los calcetines. En general, el género de acción suele tener muchas escenas de batallas, una animación fluida y elementos muy atractivos que te harán subir la adrenalina."
2023-10-05,Artes Marciales,"Las artes marciales juegan un gran papel en cada anime que tiene peleas/batallas. Ya sea combate mano a mano, juego de espadas, lucha con armas, o combate armado, hay algún tipo de arte marcial que juega a través de ellos. ¿Pero sabías que hay espectáculos que se centran principalmente en las artes marciales en sí y sus técnicas de combate? Hay muchos de ellos, y principalmente involucran el combate mano a mano y las batallas técnicas."
2023-10-05,Aventura,"El género de la aventura consiste en viajar y emprender una aventura en un lugar determinado o alrededor del mundo (que a veces puede escalar a todo el universo o incluso a otras dimensiones). En este género, los protagonistas no suelen quedarse en un solo lugar. Se aventuran en varios lugares diferentes, normalmente con un objetivo en mente (por ejemplo, buscar un tesoro, explorar algún lugar nuevo, derrotar a un villano atroz o salvar el mundo). El anime de aventuras es tan amplio y flexible que estos espectáculos pueden llegar a un gran número de episodios, así como superponerse a múltiples géneros, generalmente de acción."
2023-10-05,Carreras,
2023-10-05,Ciencia Ficción,"La ciencia ficción es un género que muestra elementos científicos y tecnológicos en su historia. Las máquinas y varios tipos de tecnologías son elementos básicos de este género. La mayoría de las veces, se centra en el avance y desarrollo de la ciencia y la tecnología. Es por eso que a menudo se encuentra la ciencia ficción combinada con subgéneros como la mecánica y el espacio."
2023-10-05,Comedia,"El propósito principal del género de la comedia es… lo tienes… ¡para hacerte reír! Si no te hace reír o al menos te hace sonreír, entonces es un fracaso. Pero de nuevo, el humor puede depender de tu sentido del humor personal. La animación puede no ser tan impresionante como los programas de televisión en la categoría de acción y drama, pero eso puede ser perdonado por las risas. Momentos divertidos, escenas hilarantes, diálogos descabellados, sucesos cómicos… ¡todo esto está cubierto por el género de la comedia en el anime!"
2023-10-05,Cyberpunk,Este tipo de anime es un subgénero de la ciencia-ficción. Normalmente muestra un futuro en el que la sociedad se ha arraigado más con la tecnología a expensas del orden social. El escenario es típicamente un futuro distópico donde la tecnología puede estar haciendo más daño que bien.
2023-10-05,Demencia,"Son aquellos animes raros, profundos, retorcidos, extraños, WTF, oscuros, etc."
2023-10-05,Demonios,"Originalmente un tema poco frecuente, el surgimiento de personajes y temas demoníacos han dado lugar a este subgénero. El término demonio no sólo abarca los personajes demoníacos literales. También se extiende a otras entidades como monstruos, bestias, fantasmas y otras figuras de tipo demoníaco. Los demonios presentes pueden provenir de antecedentes bíblicos o de la cultura japonesa."
2023-10-05,Deportes,El anime deportivo es un programa que cubre a los personajes que participan en una competición atlética.
2023-10-05,Distopía,"Las distopías a menudo se caracterizan por la deshumanización,​ los gobiernos tiránicos, los desastres ambientales​ u otras características asociadas con un declive cataclísmico en la sociedad."
2023-10-05,Drama,"¡Traernos lágrimas y una ola de emociones es básicamente lo que mejor hace el género del drama! El anime dramático tiende a conectar a los espectadores con las experiencias de los personajes. Esto resulta en que los espectadores sientan por lo que los personajes están pasando. Ya sea un cosquilleo de emoción o un aluvión de sentimientos, el objetivo de estas series es tocar nuestros corazones. En el anime, una de las mayores señales de que el drama funcionó efectivamente es si fue capaz de hacerte llorar."
2023-10-05,Ecchi,"La palabra ecchi viene del sonido de la H en la palabra hentai, que a su vez significa pervertido en japonés. Este subgénero es generalmente aceptado por estar lleno de escenas sexualmente provocativas (lo suficientemente suaves como para ser vistas por el público en general) y escenarios derivados de insinuaciones y situaciones humorísticas."
2023-10-05,Escolar,Hay un sinnúmero de anime que usan la escuela como escenario. Un anime puede ser considerado parte del subgénero de la escuela si la escuela es el escenario principal y el anime trata principalmente de la escuela y la vida estudiantil.
2023-10-05,Espacio,"El escenario del espacio siempre ha sido muy popular. Con tanto anime que tiene lugar allí, se ha convertido en un subgénero en sí mismo. Cualquier escenario de anime en el cosmos puede ser etiquetado en esta categoría."
2023-10-05,Fantasía,"El género de fantasía en el anime se ocupa principalmente de mundos de fantasía y eventos y lugares surrealistas. La mayoría de las veces, el escenario es un mundo mágico donde los personajes comienzan una aventura. A veces son enviados allí desde el mundo real. La magia es a menudo un componente de este género, y varios elementos místicos sirven como bloques de construcción de la historia. A menudo sabrás que se trata de un anime fantástico si el entorno y la atmósfera parecen tan deslumbrantes y oníricos que te harán sentirte cautivado y seducido."
2023-10-05,Gore,"El Anime Gore es aquel caracterizado por su extrema violencia. Todos lo podemos relacionar facilmente más bien con la sangre, destripamientos, laceracios etc."
2023-10-05,Harem,"Si ves un personaje masculino reacio rodeado de múltiples personajes femeninos que lo adoran, entonces probablemente estás viendo un anime del subgénero del harén. Este tipo de espectáculo suele presentar más de dos personajes femeninos que se ponen de cabeza por un solo personaje masculino. El anime en esta categoría está típicamente dentro del género de la comedia y el romance."
2023-10-05,Harén invertido,Un anime de harén inverso es típicamente una serie de harén donde los roles de género se intercambian. Hay un personaje femenino rodeado de múltiples personajes masculinos que son todos potenciales intereses amorosos.
2023-10-05,Hentai,"Hentai se traduce literalmente como «pervertido» en japonés. Este es el dominio R-18 (maduro) del mundo del anime. Este subgénero comúnmente representa desnudez y contenido altamente explícito. A diferencia del ecchi, el enfoque aquí es en el contenido sexual explícito más que en la línea argumental y la progresión narrativa. Por eso los espectáculos de esta categoría suelen ser breves y carentes de sustancia."
2023-10-05,Histórico,"Como el nombre sugiere, el anime histórico gira en torno a los acontecimientos de la historia y los momentos de la antigüedad. Los espectáculos de este subgénero se desarrollan típicamente en el Antiguo Japón y el período feudal. Existen otros escenarios como la Edad Media y el periodo medieval de Europa, pero son mucho más raros en el anime. Mientras el tiempo o el escenario (o incluso los elementos) sean antiguos y antiguos, entonces la serie puede ser considerada como un anime histórico."
2023-10-05,Isekai,"Isekai se traduce como «otro mundo». Este subgénero típicamente tiene una narración donde el protagonista de alguna manera se transporta a un mundo diferente. El nuevo mundo está casi siempre en un escenario de fantasía, ocasionalmente con rasgos sacados de los juegos de JRPG."
2023-10-05,Josei,"Josei es en realidad un demográfico pero también se considera una categoría general en el anime. Se dirige específicamente a espectadores femeninos de entre 18 y 40 años. Estos espectáculos representan la vida y el romance de una manera más madura, usualmente con más realismo y fantasías menos idealistas."
2023-10-05,Juego,"La categoría de juegos abarca espectáculos que giran en torno a la idea de juego y de diversión. El anime puede incluir un juego de cartas, un juego de mesa, un juego de puzzle o incluso un juego virtual en línea. Siempre y cuando se trate de cualquier juego jugable de cualquier tipo, pertenece a esta categoría. A veces, incluso los programas basados en videojuegos pueden contar en esta selección."
2023-10-05,Magia,"La magia, en toda su esencia, se trata de cosas mágicas como hechizos y conjuros. También puede incluir fuentes mágicas, seres que conceden deseos y buenos trucos de manga. Uno de los temas más famosos del género de la magia son las chicas mágicas. Es tan popular que podría convertirse en un género completamente nuevo por sí solo en el futuro."
2023-10-05,Mecha,Mecha significa mecánico (como en unidades mecánicas o robots). Nunca verás un anime mecha sin un robot o un traje mecánico en él.
2023-10-05,Militar,"Como su nombre indica, este subgénero involucra a los militares de una manera u otra. La guerra también puede ser una gran parte del anime militar."
2023-10-05,Misterio,"Si hay algo que es similar en todos los espectáculos de anime de misterio, es la existencia de un enigma central. Ya sea un evento, un lugar o un objeto, hay una especie de misterio que rodea la narración. En la historia del anime, los espectáculos más populares del género han presentado detectives."
2023-10-05,Música,"Los espectáculos de anime en el subgénero de la música no son tan populares hoy en día, pero existen y son muy oportunos. Estos espectáculos se centran típicamente en cantar, bailar o tocar instrumentos musicales."
2023-10-05,Niños,"Mucha gente dice que el anime es sólo para niños, pero eso no es realmente cierto. De hecho, sólo hay unos pocos anime que están precisamente dirigidos a los niños. Estos espectáculos están contenidos dentro del subgénero infantil. Estos espectáculos son suaves, ligeros y perspicaces, lo que los hace perfectos para niños de 12 años y menores."
2023-10-05,Parodia,"Un anime paródico es aquel en el que un sinnúmero de otras referencias de anime se muestran a lo largo de la trama. Puede ser una broma popular, un símbolo famoso, una referencia a un personaje, o cualquier otro intento de traer otro espectáculo a su dominio."
2023-10-05,Policía,"El subgénero policial hace hincapié en la vida y las luchas de las fuerzas del orden en su línea de trabajo. Los personajes de la policía han aparecido en numerosos espectáculos y ahora hay anime que podría considerarse como procedimientos policiales. Este género no es exclusivo de los oficiales de policía, sino que también incluye a los detectives, investigadores y ejecutores de cualquier tipo."
2023-10-05,Post-Apocalíptico,El anime post-apocalíptico son básicamente espectáculos que se desarrollan en un mundo que está en un estado distópico. Esto podría significar que el mundo está destruido y/o los humanos están casi extintos.
2023-10-05,Psicológico,"El anime psicológico son espectáculos que profundizan en el funcionamiento de la mente y la psique. Este género aborda todo a nivel psicológico (a veces incluso filosófico). A menudo encontrarás juegos mentales aquí, así como batallas en las que el uso del ingenio es el foco principal. Las series de este género jugarán con tu mente y te harán pensar mucho."
2023-10-05,Recuentos de la vida,"Cuando uno dice «trozo de vida», significa la buena vida mundana. Las historias representadas en este género se sitúan de manera realista en el dominio de la vida real. Nada fuera de lo común sucede, pero ese es el punto! La vida cotidiana es retratada de manera realista, sin que nada de lo extraordinario destruya la premisa."
2023-10-05,Romance,"El romance es todo sobre el amor y los momentos dulces. Los espectáculos de este género a menudo tienen la habilidad de tocar la fibra sensible de todos con sus escenas románticas y momentos tiernos. El foco de estos shows son las relaciones románticas entre los personajes así como su floreciente amor entre ellos. A menudo encontrarás un anime romántico estrechamente ligado al subgénero shoujo, pero también funciona bastante bien con la comedia, el harén y el drama."
2023-10-05,Samurai,
2023-10-05,Seinen,"Seinen es en realidad un demográfico, pero también se considera una categoría en el anime. Es un subgénero que se dirige específicamente a espectadores masculinos de entre 18 y 40 años. Los espectáculos aquí son representados en una luz más madura y a menudo incluyen un contenido más explícito como gore, sexo y violencia. También hay narraciones más cerebrales."
2023-10-05,Shoujo,"Shoujo se refiere a la demografía de las jóvenes. Este subgénero se dirige específicamente a espectadores femeninos de entre 10 y 18 años. La mayoría de las veces, el anime shoujo trabaja de la mano con el género de romance y comedia, particularmente con el primero. El protagonista es tradicionalmente femenino y la narración se centra en el romance así como en el crecimiento personal. El mundo en estos espectáculos suele estar muy idealizado."
2023-10-05,Shounen,"Shounen se refiere a la demografía a la que apunta este tipo de anime, que son los espectadores masculinos de alrededor de 10 a 18 años de edad. Estos espectáculos suelen ser una combinación de acción y aventura y son típicamente adaptados de series de manga. Como tal, estos anime tienden a tener largas carreras."
2023-10-05,Sobrenatural,"Cuando uno dice sobrenatural, se refiere a cosas o eventos que son extraños y fuera de lo común. Para esta categoría, lo sobrenatural podría referirse a algo mítico, místico, extraño o algo fuera de los límites de la realidad aceptada. Hay una sombra de misterio que a menudo se encuentra en espectáculos relacionados con este género."
2023-10-05,Spokon,
2023-10-05,Super poderes,"Sabes que estás viendo un anime de superpoderes si ves una serie de superpoderes explosivos luchando en la pantalla. Si ves explosiones de bolas de energía, ataques que desafían a la muerte y fuerzas opuestas que luchan a lo largo de la historia, significa que probablemente estás presenciando un espectáculo en este subgénero."
2023-10-05,Suspenso,"Conocido también como intriga, estas películas se desarrollan rápidamente, y todos sus elementos giran entorno un mismo elemento intrigante."
2023-10-05,Terror,"No es difícil detectar el género de terror en el anime. Por lo general, si hay fantasmas, monstruos, gore, y creeps, entonces es probable que estés viendo una serie de terror. El gore pesado y la violencia sangrienta es un rasgo común. El factor más importante para que un espectáculo sea considerado de terror es su capacidad de asustar y asustar a la gente."
2023-10-05,Tragedia,"Como su nombre lo indica, el subgénero de tragedia gira en torno a acontecimientos o fenómenos trágicos en los que los personajes están profundamente implicados y afectados. La tragedia se presenta en diversas variedades como desastres, accidentes, desgracias y muertes. Estos espectáculos son a menudo muy dramáticos y pueden llegar a conmover a las audiencias."
2023-10-05,Vampiros,"Como los vampiros se han vuelto tan populares en todo el mundo, no es sorprendente que también hayan infestado el mundo del anime."
2023-10-05,Yaoi,Los personajes masculinos (típicamente chicos jóvenes) en estos espectáculos muestran un tierno afecto entre ellos.
2023-10-05,Yuri,Los típicos personajes femeninos del anime muestran amor y afecto entre sí.
